doc_id,title,content,keyword_relevant,cluster_id,cluster_label
0,Doc 01: Hundreds of people have been forced to vacate,"Hundreds of people have been forced to vacate their homes in the Southern Highlands of New South Wales as strong winds today pushed a huge bushfire towards the town of Hill Top. A new blaze near Goulburn, south-west of Sydney, has forced the closure of the Hume Highway. At about 4:00pm AEDT, a marked deterioration in the weather as a storm cell moved east across the Blue Mountains forced authorities to make a decision to evacuate people from homes in outlying streets at Hill Top in the New South Wales southern highlands. An estimated 500 residents have left their homes for nearby Mittagong. The New South Wales Rural Fire Service says the weather conditions which caused the fire to burn in a finger formation have now eased and about 60 fire units in and around Hill Top are optimistic of defending all properties. As more than 100 blazes burn on New Year's Eve in New South Wales, fire crews have been called to new fire at Gunning, south of Goulburn. While few details are available at this stage, fire authorities says it has closed the Hume Highway in both directions. Meanwhile, a new fire in Sydney's west is no longer threatening properties in the Cranebrook area. Rain has fallen in some parts of the Illawarra, Sydney, the Hunter Valley and the north coast. But the Bureau of Meteorology's Claire Richards says the rain has done little to ease any of the hundred fires still burning across the state. ""The falls have been quite isolated in those areas and generally the falls have been less than about five millimetres,"" she said. ""In some places really not significant at all, less than a millimetre, so there hasn't been much relief as far as rain is concerned. ""In fact, they've probably hampered the efforts of the firefighters more because of the wind gusts that are associated with those thunderstorms.""",False,4,"south, new, australia, wales"
1,Doc 02: Indian security forces have shot dead eight suspected,"Indian security forces have shot dead eight suspected militants in a night-long encounter in southern Kashmir. The shootout took place at Dora village some 50 kilometers south of the Kashmiri summer capital Srinagar. The deaths came as Pakistani police arrested more than two dozen militants from extremist groups accused of staging an attack on India's parliament. India has accused Pakistan-based Lashkar-e-Taiba and Jaish-e-Mohammad of carrying out the attack on December 13 at the behest of Pakistani military intelligence. Military tensions have soared since the raid, with both sides massing troops along their border and trading tit-for-tat diplomatic sanctions. Yesterday, Pakistan announced it had arrested Lashkar-e-Taiba chief Hafiz Mohammed Saeed. Police in Karachi say it is likely more raids will be launched against the two groups as well as other militant organisations accused of targetting India. Military tensions between India and Pakistan have escalated to a level not seen since their 1971 war.",True,0,"man, flight, reid, says"
2,Doc 03: The national road toll for the Christmas-New Year,"The national road toll for the Christmas-New Year holiday period stands at 45, eight fewer than for the same time last year. 20 people have died on New South Wales roads, with eight fatalities in both Queensland and Victoria. Western Australia, the Northern Territory and South Australia have each recorded three deaths, while the ACT and Tasmania remain fatality free.",False,4,"south, new, australia, wales"
3,Doc 04: Argentina's political and economic crisis has deepened with,"Argentina's political and economic crisis has deepened with the resignation of its interim President who took office just a week ago. Aldolfo Rodregiuez Saa told a stunned nation that he could not rescue Argentina because key fellow Peronists would not support his default on massive foreign debt repayment or his plan for a new currency. It was only a week ago that he was promising a million new jobs to end four years of recession, days after his predecessor resigned following a series of failed rescue packages. After announcing that the senate leader, Ramon Puerta, would assume the presidency until congress appoints a new caretaker president, the government said he too had quit and another senior lawmaker would act in the role. Fresh elections are not scheduled until March leaving whoever assumes the presidency with the daunting task of tackling Argentina's worst crisis in 12 years, but this time, isolated by international lending agencies.",False,1,"said, pakistan, palestinian, says"
4,"Doc 05: Six midwives have been suspended at Wollongong Hospital,","Six midwives have been suspended at Wollongong Hospital, south of Sydney, for inappropriate use of nitrous oxide during work hours, on some occasions while women were in labour. The Illawarra Area Health Service says that following an investigation of unprofessional conduct, a further four midwives have been relocated to other areas within the hospital. The service's chief executive officer, Tony Sherbon, says no one was put at risk, because other staff not involved in the use of nitrous oxide were able to take over caring for women in labour. ""Well we're very concerned and the body of midwives to the hospital - there are over 70 midwives that work in our service - are very annoyed and angry at the inappropriate behaviour of these very senior people who should know better,"" he said. ""And that's why we've take the action of suspending them and we'll consider further action next week.""",False,4,"south, new, australia, wales"
5,Doc 06: The Federal Government says it should be safe,"The Federal Government says it should be safe for Afghani asylum seekers in Australia to return home when the environment becomes secure. The Government has suspended their applications while the interim government is established in Kabul. The Foreign Affairs Minister Alexander Downer has refused to say for how long the claims process has been put on hold. But he says the major threat to most people seeking asylum is no longer there. ""Many Afghans who have tried to get into Australia or for that matter into Britain and other countries in north-west Europe have claimed that they are fleeing the Taliban,"" he said. ""Well, the Taliban is no longer in power in Afghanistan, the Taliban is finished."" Meanwhile, there has been a mass airlift of detainees from Christmas Island to the Pacific Island of Nauru. In total, more than 300 people have been flown from the island in two operations using chartered aircraft. The second airlift today delivered 180 asylum seekers to Nauru where they will await processing of their claims for temporary visas. The Department of Immigration says there are now 211 detainees remaining on Christmas Island. A spokesman says a decision regarding their future is yet to be made.",False,0,"man, flight, reid, says"
6,Doc 07: The United States team of Monica Seles and,"The United States team of Monica Seles and Jan-Michael Gambill scored a decisive victory over unseeded France in their first Hopman Cup match at Burswood Dome in Perth. The pair, runners-up in the $1 million dollar mixed teams event last year, both won their singles encounters to give the US an unbeatable 2-0 lead. The 28-year-old Seles, currently ranked eighth, recovered from a shaky start to overpower Virginie Razzano, 18, who is ranked 72nd. Seles had to fight hard to get home in straight sets, winning 6-3, 6-4 in 62 minutes. Then the 24-year-old Gambill (ranked 21st) wore down a determined Arnaud Clement, 24, (18th) to win 6-4, 6-4 in 91 minutes. The Americans are aiming to go one better than last year when they were beaten by Swiss pair Martina Hingis and Roger Federer in the final of the eight-nation contest. Gambill said the win was a great way to start the tennis year. ""I got a little tentative at the end, but it was a great start to my year,"" he said. ""Arnaud is a great scrapper and I am delighted to beat him, even though I am frankly a bit out of shape. ""That is one of the reasons I am here. I will be in shape by the end of the tournament. ""I just aim to keep improving in the new year, and if I do, I think I have a chance to beat anyone when I am playing well."" Gambill was pressed hard by Clement before taking the first set in 47 minutes. But the American gained the ascendancy in the second set, breaking in the third and fifth games. Seles said she had expected her clash with Razzano to be tough. ""She was a top junior player in the world, so it was no surprise that she fought so well,"" she said. Seles said she still had the hunger to strive to regain her position at the top of her sport. ""This is why you play,"" she said. ""But I want to try not to peak too early this season. ""Seles, slow into her stride, slipped to 2-3 in her opening set against Razzano but recovered quickly, claiming the set after snatching four games in a row. In the second set, Seles broke her opponent in the opening game and completed victory with relative ease despite Razzano's tenacious efforts.",False,0,"man, flight, reid, says"
7,Doc 08: Hundreds of canoeists are enjoying hard-earned New Years,"Hundreds of canoeists are enjoying hard-earned New Years Eve celebrations following five days paddling in the Murray River Marathon. After more than 400 exhausting kilometres battling hot and dusty conditions, a Melbourne team took out the strongly contested K-one Cup this afternoon. Two hundred and thirty canoes left Yarrawonga last Thursday, with just over 200 paddling across the finishing line at Swan Hill. The others fell victim to the gruelling conditions. The event raised about $170,000 for the Red Cross.",False,2,"sydney, yacht, line, race"
8,Doc 09: There has been welcome relief for firefighters in,"There has been welcome relief for firefighters in New South Wales overnight with milder weather allowing them to strengthen containment lines around the most severe fires. But fire authorities are not getting overly optimistic as dry and hot weather is forecast to continue. The weather bureau is forecasting temperatures in the high 30s and westerly winds until at least Friday, which means fire authorities are reluctant to get too excited about last night's favourable conditions. Marks Sullivan from the Rural Fire Service says fire fighters are remaining on guard. ""A lot of fires that have been burning in the areas around Sydney and the north coast and further south have been burning within areas that are known and are contained,"" he said. ""However, that's not to say that these fires won't pose a threat given the weather conditions that are coming up over the next few days."" Despite the caution, the Rural Fire Service says most of the state's fires that threaten property are burning within containment lines. Greater Sydney is ringed by fires to the north, west and south. Two of those flared overnight. One at Appin in the southern highlands was quickly brought under control. Another flare-up at Spencer, north of the city, is not contained on its north-western flank, but is not threatening property. In the lower Blue Mountains west of Sydney, firefighters have spent the night setting up a 20 kilometre containment line to protect communities along the Great Western Highway from Glenbrook to Bulaburra. Two fires burning near Cessnock, west of Newcastle, are still within containment lines. In the state's north, aircraft will this morning check if lightning from a large electrical storm overnight has sparked any new fires above Grafton. Aircraft have also been used in the Shoalhaven area in the state's south to drop incendiary devices that start fire control lines in inaccessible areas. The Rural Fire Service Commissioner Phil Koperberg says if fire activity increases hundreds of New Year's Eve fireworks celebrations in New South Wales will be cancelled.",False,4,"south, new, australia, wales"
9,Doc 10: Some roads are closed because of dangerous conditions,"Some roads are closed because of dangerous conditions caused by bushfire smoke. Motorists are being asked to avoid the Hume Highway between Picton Road and the Illawarra Highway, where police have reduced the speed limit from 110 kilometres an hour to 80. In southern Sydney, Picton Road is closed between Wilton and Bulli, Appin Road is closed from Appin to Bulli Tops, and all access roads to Royal National Park are closed. Motorists are also asked to avoid the Illawarra Highway between the Hume Highway and Robertson, and the Great Western Highway between Penrith and Springwood because of reduced visibility. In north-western Sydney only local residents are allowed to use Wisemans Ferry Road and Upper Color Road under police escort.",False,4,"south, new, australia, wales"
10,Doc 11: Work is continuing this morning to restore power,"Work is continuing this morning to restore power supplies to tens of thousands of homes that were blacked out during wild storms that struck south-east Queensland last night. Gale force winds uprooted trees and brought down power lines, damaging homes and cars. Energex and Ergon energy have had every available person working through the night to restore power at 150 locations in and around Brisbane, west to Toowoomba and north to the Sunshine Coast. At Boonah south-west of Brisbane, protective tarpaulins were ripped from homes still undergoing repairs, following severe storms just before Christmas. At Nambour, four people were rescued after high voltage power lines fell across their car trapping them inside. And at Landsborough fierce winds sent a large tree crashing into a house, but no one was injured.",False,4,"south, new, australia, wales"
11,Doc 12: Peru has entered two days of official mourning,"Peru has entered two days of official mourning for the more than 220 people killed in a fire that's destroyed part of downtown Lima. Police say the fire began when a fireworks cache exploded in a shop just four blocks from Peru's Congress in a heritage-listed area famed for its Spanish colonial-era architecture. Early evening crowds buying traditional fireworks for New Year's Eve celebrations were trapped by the flames as they raced through surrounding markets and four-storey apartment buildings. Local residents blame vendors of illegal fireworks and say the death toll was exacerbated by poor traffic control in the adjoining, narrow street where cars - themselves engulfed by fire - trapped fleeing victims. Hospitals have urged the public to donate medicine for the hundreds of burns victims. Peru's President Alejandro Toledo has cut short his beach holiday to oversee an inquiry.",False,4,"south, new, australia, wales"
12,Doc 13: President General Pervez Musharraf says Pakistan wants to,"President General Pervez Musharraf says Pakistan wants to defuse the brewing crisis with India, but was prepared to respond vigorously to any attack. ""Pakistan stands for peace, Pakistan wants peace, Pakistan wants to reduce tension,"" he said. ""Let the two countries move towards peace and harmony. ""However, Pakistan has taken all counter measures, if any war is thrust on Pakistan, the Pakistan armed forces and the 140 million people of Pakistan are fully prepared to face all consequences with all their might."" The President said he had received the ""support of all political parties"". President Musharraf also said he welcomed the intervention of the international community in trying to defuse the potentially explosive crisis. ""We would like anybody to play a useful and positive role in defusing the tension."" The United States, the European Union and the Group of eight industrialised nations among others, have all called on India and Pakistan to exercise restraint and resolve the stand-off through dialogue. President Musharraf repeated his offer of holding talks with Indian Prime Minister Atal Behari Vajpayee. ""I am for dialogue and I keep on saying this and India keeps on rejecting which gives me a feeling that I am begging to India. If they accept it we do not reject it at all,"" he said. On Friday he said he was willing to meet Prime Minister Vajpayee on the sidelines of the January 4-6 South Asian Association for Regional Cooperation (SAARC) summit in Nepal. India ruled out any face-to-face talks. Military tensions erupted between India and Pakistan after the bloody December 13 raid on the Indian parliament. India accuses Pakistan's military intelligence of masterminding the assault, but Pakistan denies the allegation. With both countries massing troops along the border, Pakistan Foreign Minister Abdul Sattar warned Saturday that the dispute was growing ""dangerously tense"" and any small act of provocation could snowball into conflict. President Musharraf said one of the goals of Sunday's meeting was ""to take stock of the internal situation, the domestic environment"". ""I want to eradicate militancy, extremism, intolerance from Pakistani society and I also said I would like to eradicate any form of terrorism from the soil of Pakistan."" However he warned the ""tension that has mounted on our eastern border in fact is creating obstacles and hurdles"".",True,1,"said, pakistan, palestinian, says"
13,Doc 14: Talks between Afghan and British officials in Kabul,"Talks between Afghan and British officials in Kabul have ended without final agreement on the deployment of a international security force. The lack of a suitable translation of the document meant a further delay. Authorities in Kabul have been giving conflicting signals for weeks now over the number of peacekeepers they would allow and the role the international force would play. The Foreign Minister, Dr Abdullah, appeared to be ending the confusion, saying an agreement was about to be signed. ""There is already the agreement, so it was finalised,"" he said. But a spokesman for the Interior Minister, Yunis Kanooni, emerged soon after to say there was no agreement and nothing to sign. Scores of British peacekeepers are already patrolling the streets of Kabul in tandem with Afghan police. But proposals to enlarge the force to as many as 5,000 international peacekeepers have been criticised by some commanders as tantamount to foreign occupation.",False,1,"said, pakistan, palestinian, says"
14,Doc 15: The Israeli army has killed three Palestinian militants,"The Israeli army has killed three Palestinian militants who attacked one of its armoured vehicles in the northern Gaza Strip. The three Palestinians opened fire with rifles at the vehicle between the Jewish settlements of Alei Sinai and Nitzanit, on the northern edge of the Gaza Strip. They were killed by shell fire from a tank, the sources said. During the fire fight an Israeli army observation post called in tank fire which killed the three gunmen. The killing brings the death toll of 15 months of the Palestinian uprising against Israeli occupation to 1,121 people, including 865 Palestinians and 234 Israelis. Alei Sinai was attacked on October 2 when two gunmen from the radical Islamic group Hamas infiltrated the settlement and opened fire on the residents, killing two teenage Israelis. Two Palestinian gunmen also killed an Israeli settler in Alei Sinai on December 2 before being killed by the army.",False,1,"said, pakistan, palestinian, says"
15,Doc 16: Only a protest will can now stop Bumblebee,"Only a protest will can now stop Bumblebee 5 from wining the overall handicap honours in the 57th Sydney to Hobart yacht race. The Ian Murray-skippered boat appears to have clinched the coveted title after its nearest rival, Zeus Two failed to finish in the early hours of this morning. Zeus Two is still eight hours away from the finish line. The nine metre yacht is among 16 boats still to finish. All four Tasmanian boats have finished. Meanwhile, a South Australian yacht in the Sydney to Hobart has been towed to St Helens on Tasmania's east coast after losing its rudder. Liberator, skippered by Geoff Catt, got into trouble yesterday 46 miles from Eddystone Point when it apparently struck an object. The were no reported injuries onboard.",False,2,"sydney, yacht, line, race"
16,Doc 17: South Africa is considering playing left arm spinner,"South Africa is considering playing left arm spinner Nicky Boje in this week's third Test against Australia in Sydney. Boje was forced to withdraw from the South African squad before the start of the tour due to injury. South African captain Shaun Pollock says he hopes Boje arrives in time to prepare for the Test. ""Nicky Boje might be out in time,"" he said. ""As soon as he was fit and ready he was going to come over but we'll be picking the best possible eleven for the Sydney Test.""",False,3,"test, bichel, africa, south"
17,Doc 18: Spain has begun its Hopman Cup campaign in,"Spain has begun its Hopman Cup campaign in Perth with a 3-0 victory over Argentina. Arantxa Sanchez-Vicario and Tommy Robredoboth won their singles matches, and then teamed to win the mixed doubles. Sanchez-Vicario says she is hoping to win her second Hopman Cup title after winning the tournament with her brother Emilio in 1990. ""It would be very nice to start the year off and as I say it's always tough but it's a very good start for me and I'm looking forward with Tommy to see if we can be the champions again,"" she said. Today, the United States will play France. Meanwhile, world number one Lleyton Hewitt says he will not be putting pressure on himself to win next month's Australian Tennis Open in Melbourne. Hewitt yesterday teamed with fellow Australian Alicia Molik to beat Switzerland 3-0 in their opening tie at the Hopman Cup in Perth. Hewitt says his first objective will be to reach the second week of the grand slam event. ""I think if I play my best tennis and give a 100 per cent no matter who I play I think I'm in with a good chance of getting through to the second week and if that happens then most times in a grand slam it's sort of anyone's tournament from there,"" he said.",False,1,"said, pakistan, palestinian, says"
18,Doc 19: New Zealand has rewarded Lord of the Rings,"New Zealand has rewarded Lord of the Rings director Peter Jackson in its New Years Honours list. Jackson, who has spent seven years on filming the Tolkien classic in his home country has been made a companion of the New Zealand Order of Merit. The first of three films employed a cast of over 2,000 and had a budget of $534 million - far and away New Zealand's biggest production ever. There is no chance Jackson himself will become a Lord though - New Zealand's Labour Government last year dropped knighthoods in favour of local honours.",False,4,"south, new, australia, wales"
19,Doc 20: The next few hours are crucial for firefighters,"The next few hours are crucial for firefighters on alert in the Blue Mountains. Firefighters are working on a 25 kilometre fire front in the area, which it is feared will devour homes if the wind picks up this afternoon. The weather bureau had initially predicted 80 kilometre an hour southerly wind gusts, but has revised its forecast to 30 kilometres an hour. The wind change is expected to reach the Blue Mountains in the next hour. Mark Williams, the incident controller for the Blue Mountains region, says fire crews will stop back-burning as soon as the wind change nears the area. ""Soon as we get word the southerly change for instance, is getting close to the Blue Mountains area, we initially stop our back-burning,"" Mr Williams said. ""Tie it into a local creek or something as close as possible so that it's contained within that area, so we don't have further outbreaks.""",False,2,"sydney, yacht, line, race"
20,Doc 21: Argentine President Adolfo Rodriguez Saa has asked the,"Argentine President Adolfo Rodriguez Saa has asked the country's banks to help re-establish peace by facilitating the payment of pensions and salaries to workers and retirees. He says he issued the appeal at a meeting with leaders of the banking community. ""I'm very concerned about what has happened in Argentina,"" Mr Rodriguez Saa said. He says he has asked banks to remain open from 8:00am to 8:00pm Monday, to be able to cash checks of up to 1,000 pesos or $US1,000 per person.",False,1,"said, pakistan, palestinian, says"
21,"Doc 22: The nation's road toll has risen to 37,","The nation's road toll has risen to 37, after another death on New South Wales roads. A 38-year-old man, who was injured in a crash on the mid-north coast last week, has died in hospital. A 16-year-old boy, who was a passenger in the car when it hit a telephone pole, remains in critical condition. New South Wales has recorded 18 holiday deaths. Seven people have died on Queensland roads, five in Victoria, three in the Northern Territory, two each in Western Australia and South Australia. The ACT and Tasmania remain fatality free.",False,4,"south, new, australia, wales"
22,Doc 23: The Federal Government says new national fuel quality,"The Federal Government says new national fuel quality standards for petrol and diesel will greatly reduce toxic emissions from cars and trucks. The Federal Minister for the Environment, David Kemp, says state and territory inspectors will conduct random fuel sampling at refineries, distributor terminals, and petrol stations across the country. He says the new laws, introduced today, will cut the pollution from vehicles and it is hoped this will lead to a reduction in respiratory illness in the community. Lead in petrol will be prohibited under the new laws. The 2.5 million cars built prior to 1986, which use leaded petrol, will be required to use lead replacement petrol. Mr Kemp says it is expected emissions of major pollutants such as benzene and carbon monoxide will be reduced by at least 40 per cent by 2010. By 2020, emissions of those pollutants will be reduced by 70 per cent.",False,0,"man, flight, reid, says"
23,"Doc 24: Americans' fears about airplane security continue to increase,","Americans' fears about airplane security continue to increase, after a man made it through two separate flights with a loaded gun in his carry-on luggage. The man was finally stopped before boarding a third plane in Memphis. The man had travelled from Florida to Atlanta, and then Atlanta to Memphis. He was attempting to board his return flight last night when he was stopped by security personnel for a random check. They discovered a loaded 9mm Beretta semi-automatic pistol in his hand luggage. The man acknowledged the gun was his, and was released on $5,000 bail. There is no suggestion he was planning any sort of terrorist attack, but his ability to complete two flights while carrying the weapon has again highlighted airline security problems. The incident follows last week's drama when a man was able to board a plane from Paris to Miami with explosives in his shoes.",False,0,"man, flight, reid, says"
24,Doc 25: A team of police is currently escorting two,"A team of police is currently escorting two Swiss tourists back to the safety of a central Australian community after their vehicle sank in sand in the Finke River overnight. A police spokesman says police were called to the area 100 kilometres west of Alice Springs, after an emergency beacon was activated and received by Australian Search and Rescue. The tourists had tried to cross the river when their vehicle became submerged in soft sand. The spokesman says a ground unit also attended, but police officers had to walk the final 12 kilometres to reach the stranded Swiss nationals who were stuck in the vehicle. The tourists and the rescue team are expected to walk for about four hours this morning before driving to the Hermansburg community.",False,1,"said, pakistan, palestinian, says"
25,Doc 26: The handicap winner of the Melbourne to Hobart,"The handicap winner of the Melbourne to Hobart yacht race is close to being decided. ""San Miguel"", skippered by Gary Clapham, crossed the line at 9:30am AEDT and is favourite to take the race on handicap. Almost half the fleet has crossed the finish line. After leading since the race began three days ago Kontrol crossed the line at 2:15am. Another Victorian boat, Tevake, claimed second place just one minute clear of Wild Card, the only Tasmanian entry in the fleet. The fast-finishing Tevake crossed the line at 6:15am to be runner-up for the second year in a row. Kontrol skipper Peter Blake says modifications to his boat have been more than successful. Firefighters in New South Wales have spent another night back-burning in preparation for the weekend's heatwave conditions. No more homes were lost overnight, despite more than 50 fires still raging around the state. Firefighters are fearing the worst with hot and windy conditions forecast over the next two days. Spencer north of Sydney, and the lower Blue Mountains continue to be of the greatest concern. Homes between Bulabarra and Lapstone are set to be in the line of fire if the forecast wind changes materialise in those areas. Extensive back-burning was conducted overnight, with firefighters concentrating on areas south of Sydney at Sutherland, Illawarra and Shoalhaven. At Spencer, firefighters are desperately trying to stop the flames from spreading across the Hawkesbury River. However, there is some relief in sight for exhausted firefighters, with the arrival this morning of 130 officers from Queensland. Those firefighters are heading to the Hunter region to help battle a blaze at Cessnock.",False,2,"sydney, yacht, line, race"
26,Doc 27: Pakistan's President Pervez Musharraf says he is ready,"Pakistan's President Pervez Musharraf says he is ready to meet Indian Prime Minister Atal Behari Vajpayee, as fears grow of a war between the two countries. Tensions have escalated since a suicide attack on the Indian Parliament two weeks ago. India alleges the attack was backed by the Pakistani intelligence service. General Musharraf says Pakistan will never initiate a conflict between the two countries. He says he is prepared to hold talks with the Indian Prime Minister at a regional summit in Nepal next week. ""I don't mind meeting him but as I've said once before, you can't clap with one hand,"" General Musharraf said. ""If there is a willingness from the other side there will be a willingness from my side.""",True,1,"said, pakistan, palestinian, says"
27,Doc 28: Swedish Round the World ocean racer Assa Abloy,"Swedish Round the World ocean racer Assa Abloy has taken line honours in the 57th Sydney to Hobart. Assa Abloy, accompanied by a large spectator fleet, sailed up the Derwent River in light winds this morning. It crossed the finishing line just under two days and 21 hours after starting the journey in Sydney. A large crowd lined the Hobart docks to welcome the yacht. Swedish maxi Nicorette is in second place, two nautical miles behind Assa Abloy. Five other Volvo 60s are nearby. The crew of the Assa Abloy will not be able to spend too much time celebrating - the Round the World yachts have only a few hours rest before racing on to Auckland.",False,2,"sydney, yacht, line, race"
28,Doc 29: A United States federal magistrate has refused to,"A United States federal magistrate has refused to free on bail a British man accused of trying to detonate his explosives-laden shoes on a transatlantic flight. At a hearing in United States Federal Court, Federal Bureau of Investigation agent Margaret Cronin said Richard Reid was in possession of a ""functioning, improvised device,"" which ""if placed beside an outer wall could have or would have created a large hole in the fuselage of the plane"". The device contained an explosive called TATP. US Magistrate Judith Dein refused to grant bail for Reid, 28, but left open the possibility of his release later. Reid is charged with intimidation and interfering with a flight crew - offenses that carry 20-year jail terms. No additional charges were filed. He allegedly tried to set fire to his sneakers Saturday on an American Airlines flight from Paris to Miami that was diverted to Boston. Investigators say the explosives in his shoes were powerful enough to have created a major disaster.",False,0,"man, flight, reid, says"
29,Doc 30: The Palestinian leadership is calling for US peace,"The Palestinian leadership is calling for US peace envoy Anthony Zinni to return to the region to work for a cease-fire and a return to peace talks. Mr Zinni, a retired Marine Corps general, was sent to the region in late November by US Secretary of State Colin Powell. However, he was recalled earlier this month after failing to bring a halt to the bloodshed. A statement issued after a meeting chaired by Palestinian leader Yasser Arafat called for a ""quick return of Zinni and his team to proceed to the application of the Mitchell Plan and the Tenet Memorandum."" The internationally-backed Mitchell Plan calls for an end to Israeli-Palestinian violence and the implementation of confidence-building measures, before a return to peace talks. The Tenet Memorandum, a blueprint for implementing a cease-fire, was agreed several months ago but failed to take hold on the ground. The Palestinian leadership underscored the ""importance of the role played by the American administration in the peace process, with the support of Russia and the European Union."" The US State Department has said Mr Zinni will only return when he and Mr Powell believe his presence could be effective in bringing about a cease-fire.",False,1,"said, pakistan, palestinian, says"
30,Doc 31: The Northern Territory Aids Council says it is,"The Northern Territory Aids Council says it is not surprised the Territory's rate of HIV infection through male to female sex is twice the national rate. A report in the Centre for Disease Control Bulletin says 21 percent of HIV infections in the Territory were from male to female sex, compared to 10 per cent nationally. The council's Frank Farmer says it is another reason for people to practice safe sex. ""We do need to be reminded, I think people become a bit complacent and they feel that it can't happen to them,"" Mr Farmer said. ""What these statistics show is that there is a shift in the means of transmission... previous figures were about 80 per cent, but male to male contact has turned around here so that it is a bit of a wake up call for people.""",False,1,"said, pakistan, palestinian, says"
31,Doc 32: There is a one in 20 chance of,"There is a one in 20 chance of a dramatic rise in world sea levels over the next century due to global warming, according to a new risk assessment. The survey by the British Antarctic Survey (BAS) and Norwegian environmental safety organisation Det Norske Veritas, says there is a 5 per cent chance of the giant West Antarctic Ice Sheet disintegrating due to climate change. Scientist David Vaughan says if that happens, sea levels would rise by one metre in the next 100 years. ""You have to balance the likelihood against the severity of the impacts, and in this case even a 5 per cent chance of this happening is really damn serious,"" he said. Scientists have already predicted a rise in sea levels of 50 centimetres over the next century, due to a combination of climate change and increased extraction of ground water. Mr Vaughan says that estimate did not factor in melting Antarctic ice. ""So we might be looking at something like 1.5 metres in the next century,"" Mr Vaughan said. Mr Vaughan says the possible break-up of the West Antarctic Ice Sheet, which accounts for 13 per cent of ice on the frozen continent, is not related to the impact of human industrial activity on the climate. He says it is part of a far older process. However, he says major world polluters cannot walk away from the problem. ""The potential impacts of a major change in the West Antarctic Ice Sheet are severe - sea level rise will be fantastically expensive for developed nations with coastal cities and dire for poor populations in low-lying coastal areas,"" Mr Vaughan said.",False,4,"south, new, australia, wales"
32,Doc 33: An earthquake measuring 4.1 on the Richter scale,"An earthquake measuring 4.1 on the Richter scale has shaken parts of Western Australia's wheatbelt overnight. Geo-science Australia says the epicentre was in Burakin, 240 kilometres north-east of Perth. A spokesman says the earthquake, which occurred at about 12:30am, follows a larger quake in September which measured over five on the Richter scale. Shane Bradford of Ballidu just west of Burakin, says the quake shook his house and woke him from his sleep.",False,4,"south, new, australia, wales"
33,Doc 34: New South Wales firefighters are hoping lighter winds,"New South Wales firefighters are hoping lighter winds will help ease their workload today but are predicting ""nasty"" conditions over the weekend. While the winds are expected to ease somewhat today, the weather bureau says temperatures will be higher. More than 100 fires are still burning across New South Wales. The Rural Fire Service says the change may allow it to concentrate more on preventative action, but there is no room for complacency. Mark Sullivan, from the Rural Fire Service, says while conditions may be a little kinder to them today, the outlook for the weekend has them worried. ""It certainly appears from the weather forecast, with very high temperatures and high winds that it certainly could be a nasty couple of days ahead,"" Mr Sullivan said. One of the areas causing greatest concern today is the 30-kilometre long blaze in the lower Blue Mountains. Firefighters are also keeping a close eye on a blaze at Spencer north of Sydney, which yesterday broke through containment lines. There are concerns that fire may jump the Hawkesbury River. Backburning continues in the state's central west and south of Sydney in the Shoalhaven. In the Illawarra, firefighters have been able to carry out back-burning operations in three areas. Operations were carried out in parts of Mt Kembla, as well as an area bounded by Appin Road and the Old Princes Highway at Helensburgh. An area west of Windy Gully near Cataract Dam was also targeted. Meanwhile, Illawarra police have arrested three teenagers in relation to bushfires at Shellharbour, on the south coast of New South Wales. A spokesman says three small fires were extinguished around 7:30pm AEDT yesterday. A short time later police arrested three 15-year-old boys from Shellharbour, Barrack Heights and Shell Cove. All three have been interviewed but no charges have been laid.",False,4,"south, new, australia, wales"
34,Doc 35: Pakistan's Foreign Ministry has announced retaliatory sanctions against,"Pakistan's Foreign Ministry has announced retaliatory sanctions against India, saying it would also downgrade embassy representation and ban Indian planes from its airspace. ""Pakistan regrets the Indian decision to downgrade embassy representation by 50 per cent and confine staff to the municipal limits of New Delhi and ban access to airspace,"" ministry spokesman Aziz Ahmed Khan said. ""Such efforts will only increase tension and we are forced to take retaliatory actions. ""We will downgrade their embassy staff here, confine them to Islamabad limits, and will also ban their access to Pakistan's airspace."" As tension mounted between the two rivals after the December 13 attack on the Parliament complex in new Delhi, Indian Foreign Minister Jaswant Singh earlier announced a set of new sanctions. Pakistani aircraft would not be allowed to fly over Indian airspace from January 1, and the Indian embassy in Islamabad and the Pakistan mission in New Delhi will have to reduce their staff by 50 per cent, he said. Pakistani embassy staff would be confined to movement within New Delhi, he added. Mr Singh said the measures were being taken as a result of Pakistan's attempts to ""dupe"" the international community with ""cosmetic measures and non measures"" against militant groups operating in its territory. India has accused Pakistani military intelligence of sponsoring the Parliament attack and has threatened retaliation, including possible military action.",True,1,"said, pakistan, palestinian, says"
35,Doc 36: A spokesman for Afghanistan's Defence Ministry claims Osama,"A spokesman for Afghanistan's Defence Ministry claims Osama bin Laden has fled to Pakistan. Defence Ministry spokesman Mohamad Habeel says the Saudi-born dissident is in hiding under the protection of supporters of a radical Islamic leader who helped to create the fundamentalist Taliban. ""Osama himself is under the protection of Maulana Fazalur Rehman in Pakistan, but we don't know for sure in which part of it,"" Mohamad Habeel said. ""He lives in areas which are under the influence and control of Fazalur Rehman supporters, I cannot say from which sources we have received this information. ""Bin Laden and his men are no longer here [in Afghanistan]."" Mr Rehman, who is under house arrest, is head of the Jamiat Ulema-i-Islam Party, a long time supporter of bin Laden, the leader of the Al Qaeda network which is blamed for the September 11 attacks on New York and Washington. Mohamad Habeel said bin Laden's support in Afghanistan had collapsed completely. ""His supporters have no presence any more,"" he said. ""There may be individuals here who have hidden, but altogether we can say that his resistance is over. ""His last remaining forces have fled to areas along the border with Afghanistan and Pakistan.""",False,1,"said, pakistan, palestinian, says"
36,Doc 37: New York Mayor Rudolph Giuliani today bade farewell,"New York Mayor Rudolph Giuliani today bade farewell to the city he has led for the past eight years, calling for a ""soaring, beautiful"" memorial to be built on the site of the World Trade Centre. Mr Giuliani, speaking just four days ahead of his final day in office, further defended his tough stance on crime and homelessness. Time magazine's 2001 Person of the Year also praised New York's diversity as the source of strength pulling the city through the difficult aftermath of September 11's deadly attacks. ""This place has to be sanctified,"" Mr Giuliani said. ""This place has to become a place which, when anybody comes here, they are going to feel the great power and emotion of what it means to be an American."" During his reign, many in the city's black and Hispanic communities decried Mr Giuliani's 'knee-jerk' support for New York's Police Department during police brutality scandals. However, the Mayor insists his policing strategy has been highly effective. ""The reality is that the model that was adopted for dealing with crime in New York City is the very, very best way to ensure you can make your city safe,"" Mr Giuliani said. ""I felt that my job as the mayor was to turn around the city, because I believed - rightly or wrongly - that we had one last chance to do that."" Mr Giuliani, a Republican, has served two terms as New York City's Mayor since 1993. Term limits prevent him from seeking a third term in office, and he will be succeeded by billionaire media mogul Michael Bloomberg.",False,1,"said, pakistan, palestinian, says"
37,Doc 38: Australia's quicks and opening batsmen have put the,"Australia's quicks and opening batsmen have put the side in a dominant position going into day three of the Boxing Day Test match against South Africa at the MCG. Australia is no wicket for 126, only 151 runs shy of South Africa after Andy Bichel earlier starred as the tourists fell for 277. When play was abandoned due to rain a few overs short of scheduled stumps yesterday, Justin Langer was not out 67 and Matthew Hayden 55. The openers went on the attack from the start, with Langer's innings including six fours and Hayden's eight. Earlier, Shaun Pollock and Nantie Haywood launched a vital rearguard action to help South Africa to a respectable first innings total. The pair put on 44 runs for the final wicket to help the tourists to 277. The South Africans had slumped to 9 for 233 through a combination of Australia's good bowling, good fielding and good luck. After resuming at 3 for 89 yesterday morning, the tourists looked to be cruising as Jacques Kallis and Neil McKenzie added 72 without loss. But then Bichel suddenly had them reeling after snatching two wickets in two balls. First he had Jacques Kallis caught behind for 38, although Kallis could consider himself very unlucky as replays showed his bat was a long way from the ball. On the next ball, Bichel snatched a sharp return catch to dismiss Lance Klusener first ball and have a shot at a hat-trick. Bichel missed out on the hat-trick and Mark Boucher and Neil McKenzie again steadied the South African innings, adding 67 before the introduction of part-timer Mark Waugh to the attack paid off for Australia. Waugh removed Boucher for 43, caught by Bichel. Brett Lee then chipped in, trapping McKenzie leg before for 67 with a perfect inswinger. Bichel continued his good day in the field, running out Claude Henderson for 5 with a direct-hit from the in-field. Lee roared in to Allan Donald, bouncing him and then catching the edge with a rising delivery, which Ricky Ponting happily swallowed at third slip to remove the returning paceman for a duck. Bichel did not get his hat-trick but ended with the best figures of the Australian bowlers, after also picking up the final wicket of Nantie Haywood for 14. Lee took 3 for 77 and Glenn McGrath 2 for 66.",False,3,"test, bichel, africa, south"
38,Doc 39: A rafter who raised the alarm after most,"A rafter who raised the alarm after most of his party was swept into the Franklin River, in Tasmania's south-west, says for nearly 24 hours he did not know whether his four friends had survived. Richard Romaszko was rafting down the Collingwood River when the party was hit by a huge water swell just before the junction with the Franklin. Mr Romaszko pulled himself to safety and, after camping overnight, he alerted a tour group. He was able to use the group's satellite phone to raise the alarm. A second member of the party was found nearby yesterday afternoon, while the other three were winched out by helicopter about 8:00pm AEDT. Mr Romanszko says he went into survival mode. ""When we hit the bottom of the rapid there was a big wave that overturned the rafts,"" he said. ""Before we knew it, we were in the Franklin River. ""At least my raft was upside down and the guy who was with me, his raft was upside down.""",False,2,"sydney, yacht, line, race"
39,Doc 40: A total of 14 yachts have now retired,"A total of 14 yachts have now retired from the Sydney to Hobart Yacht Race, after three more yachts pulled out of the classic overnight, one of them with an injured skipper. Terra Firma arrived at Eden, on the New South Wales south coast, early today. Skipper Peter Bartels is in hospital with neck injuries, but his condition is not serious. Also returning to Eden is Grundig, which has hull damage. Krakatoa is back at Ulludullah, due to a sea sick crew member. The Round the World racers still lead the fleet off Lady Barron on the southern end of Flinders Island, sailing in light winds. Illbruck holds a two nautical mile lead over Team Tyco, while Team News Corp is a further two nautical miles astern, with Assa Abloy close by. Team Tyco will not have its result recorded, after failing to meet a mandatory radio check when off Green Cape.",False,2,"sydney, yacht, line, race"
40,Doc 41: Firefighters across New South Wales are gearing up,"Firefighters across New South Wales are gearing up for a wind change that may bring further property losses today. More than 100 fires now ring two-thirds of the greater Sydney area. The blazes stretch south of the Royal National Park and north of Wollongong all the way to the Blue Mountains and up towards the edge of the Baulkham Hills shire. Fires are also burning around Huskisson on the far south coast, and as far inland as Mudgee, Narromine and Kempsey, and the Richmond Valley in the north. However, the major areas of concern today are the southern Sydney suburbs of Heathcote and Engadine. Thousands of residents in those suburbs were evacuated overnight. Senior forecaster with the Sydney Weather Bureau Ian Robertson, says the greatest risk will come when winds change direction this afternoon. ""We're looking at another dry day ahead throughout the state, particularly along the coast... more average sort of temperatures but the trick will be the winds,"" Mr Robertson said. ""We're looking at south-west winds this morning, an east to south-east sea breeze along the coast, which is going to make things quite challenging for firefighting."" Between 4,000 and 5,000 firefighters are currently battling the blazes. Crews have already been brought in from Victoria, but the Rural Fire Service says it expects to call on other states for help. Service spokesman John Winter says property losses have been high. ""We are estimating that around 150 homes have been lost, obviously there are areas we're yet to confirm property losses,"" Mr Winter said.",False,4,"south, new, australia, wales"
41,Doc 42: The man accused to trying to blow up,"The man accused to trying to blow up an American Airlines flight on Sunday could not have acted alone, according to a British Islamic leader who knew Richard Reid well. Abdul Hak Baker is the head of the Brixton mosque in south London, where 28-year-old Mr Reid had worshipped. Mr Baker says Mr Reid is a petty criminal who had converted to Islam while in jail. He says Mr Reid had become more and more militant in his outlook, after becoming involved with a group of Muslim extremists. The mosque leader says Mr Reid was easily led and he is not surprised at what happened. ""I wouldn't say we were totally surprised, because we said if we remember how he left us this is what he was believing in,"" Mr Baker said. ""This was the type of jihad that he was beginning to believe in. ""September the eleventh would have had a profound effect on him."" Meanwhile, US television is reporting Osama bin Laden loyalists held prisoner in Afghanistan have told US troops Mr Reid trained in their camps.",False,0,"man, flight, reid, says"
42,Doc 43: Virgin Blue has begun offering $5 flights from,"Virgin Blue has begun offering $5 flights from Melbourne to five major cities, in an aggressive attempt to stave off potential competition from a revamped Ansett. The 10,000 midweek seats are only available on the Internet until Monday, for travel between January 9 and March 27. The one-way fares are for flights to Sydney, Brisbane, Adelaide, Launceston and Canberra. Vigin Blue spokesman David Huttner says the fares are to thank customers for their support, particularly in Victoria, which has become Virgin's second largest operational base. However, he says it is also very much about ensuring the airline's position in the market. ""Suggestions recently in the press by Mr Fox that Ansett's main goal is simply to put Virgin Blue out of business, well, you know, we wish them the best of luck in that endeavour,"" he said. ""Everybody else has failed so far but if that's the only goal in business, they claim to be in the spirit of competition then well, good on them.""",False,2,"sydney, yacht, line, race"
43,Doc 44: After a bad start to the holiday period,"After a bad start to the holiday period on Australia's roads, there have been no fatalities reported for two days. The last fatality was on Christmas Day when a 45-year-old man died after falling off his motor bike in the New South Wales Hunter Valley. That state has recorded 10 of the 26 deaths in Australia since the holiday period began. In Victoria, where five people have died, a teenage boy suffered life threatening injuries when he was run down by a car at Baccus Marsh, west of Melbourne, early this morning. Five people have died in Queensland, three in the Northern Territory, two in Western Australia and one in South Australia. There have been no deaths recorded in Tasmania or the ACT.",False,4,"south, new, australia, wales"
44,Doc 45: A Palestinian man has been shot dead as,"A Palestinian man has been shot dead as Israeli forces charged into Palestinian-controlled land in the northern West Bank in hot pursuit of gunmen who opened fire on them earlier, Palestinian officials said. Walid Saadi, 53, was killed by heavy machine-gun fire as tanks and helicopters fought a pitched battle with the Palestinian gunmen, holed up in a house on the edge of the town of Jenin after attacking an Israeli Army post, Palestinian medics said. Israeli military sources said two armed men had been shot, although it was not immediately clear if Saadi was one of them or a civilian caught in the intense fire. Israeli forces did not say how many gunmen they were facing down, although officials had earlier said it was two. An army spokesman said the gunmen had been heading through Israel-controlled territory east of the town when they ran into an army post and opened fire. It claimed they had been planning to attack the nearby Jewish settlement of Qadim. The Israeli soldiers returned fire, but the men escaped into Palestinian self-rule land next to the northern town of Jenin. The army chased them into land under the control of the Palestinian Authority and tracked them down to a house where the men took cover. The Palestinians then threw two grenades at soldiers and border police, injuring one policeman slightly. A firefight erupted around the house, Palestinian and Israeli security officials said, during which the tanks fired two shells into the building. Helicopters also opened fire, killing Saadi, Palestinian officials said. According to Jenin hospital officials, two Palestinians were injured in the exchange, as the tanks and two jeeps entered 400 metres into Palestinian territory to besiege the house.",False,1,"said, pakistan, palestinian, says"
45,"Doc 46: Sir Nigel Hawthorne, the British actor best known","Sir Nigel Hawthorne, the British actor best known for his role as the scheming civil servant in the BBC hit Yes Minister, died Wednesday from a heart attack aged 72, his agent said. Hawthorne had been battling cancer for the past 18 months and had just come out of hospital where he had been having chemotherapy treatment, said Ken McReddie. He said the cancer treatment had been going well and the heart attack was unexpected. Hawthorne died peacefully at home with his partner and a friend, McReddie added. ""He was a brilliant actor and a wonderful friend, I feel very sad and extremely cut up,"" he said. Playing the smug civil servant Sir Humphrey Appleby who always knew better than his master, Hawthorne's performances in Yes, Minister won him a host of awards and the glowing approval of then prime minister Margaret Thatcher. The role led to a sequel, Yes, Prime Minister, as well as a range of more substantial role on stage and screen, including the lead role in the 1995 film The Madness of King George for which he was nominated for an Oscar.",False,1,"said, pakistan, palestinian, says"
46,Doc 47: Seven yachts have been forced to retire from,"Seven yachts have been forced to retire from the Sydney to Hobart yacht race, after a storm hit the fleet off the New South Wales south coast overnight. South Australian yacht SAP Ausmaid and Secret Men's Business both lost their masts in the storms this morning. Last night, one of the favourites for line honors, Victorian maxi Wild Thing, was forced to head back to Sydney with sail damage. Simply Red, Broomstick, Cadibarra and Sting also sustained damage in the storm and were forced to head back to Sydney. Volvo ocean racer Tyco, leads the race ahead of Assa Abloy.",False,2,"sydney, yacht, line, race"
47,Doc 48: Australia will be aiming to take early wickets,"Australia will be aiming to take early wickets on day two of the second cricket Test against South Africa at the MCG. The Proteas will resume at three for 89 after day one was badly affected by rain with only 40 overs possible. Australian paceman Glenn McGrath, who has two wickets, says the catch taken by Matthew Hayden yesterday is typical of Australia's outstanding slips fielding this summer. ""In the series so far there's been some great catches - Ricky Ponting in the last Test, occasionally I get one myself,"" he said. ""It gives you so much more confidence when you know 99 per cent of the catches that go flying to the slips or through the slips are going to be taken.""",False,3,"test, bichel, africa, south"
48,Doc 49: Thousands of firefighters remain on the ground across,"Thousands of firefighters remain on the ground across New South Wales this morning, as they assess the extent of fires burning around Sydney and on the state's south coast. Firefighters are battling a fire band stretching from around Campbelltown, south-west of Sydney, to the Royal National Park. Hundreds of people have been evacuated from small villages to the south and south-west of Sydney. Authorities estimate more than 60 properties have been destroyed in the greater Sydney area. Fourteen homes have been destroyed in the Hawkesbury area north of Sydney, and 20 properties have been ruined at Jervis Bay. John Winter, from the New South Wales Rural Fire Service, says firefighters' main concern is the fire band from Campbelltown through to the coast. ""That is going to be a very difficult area today, we do expect that the Royal National Park is likely to be impacted by fire later in the morning,"" he said. ""Certainly in terms of population risk and threat to property that band is going to be our area of greatest concern."" In the ACT, it appears the worst of the fire danger may have passed though strong winds are expected to keep firefighters busy today. The fires have burned more than 800 hectares over the past two days. Yesterday, winds of up to 80 kilometres an hour fanned blazes in a dozen areas, including Queanbeyan, O'Connor, Mount Wanniassa, Red Hill and Black Mountain. Strong winds are again predicted for today but fire authorities are confident they have the resources to contain any further blazes. A total fire ban is in force in the ACT today and tomorrow. Emergency Services Minister Ted Quinlan has paid tribute to the efforts of firefighters. ""There has just been a whole body of people that have been magnificent in sacrificing their Christmas for the benefit of the community,"" he said.",False,4,"south, new, australia, wales"
49,Doc 50: European monarchs have reflected on the impact of,"European monarchs have reflected on the impact of the September 11 terrorist attacks in the United States in their traditional Christmas messages. The sombre mood was typified by Britain's Queen Elizabeth II, who said 2001 brought many people ""more than their fair share of trials and disasters"". ""The terrorist outrages in the United States last September brought home to us the pain and grief of ordinary people the world over who find themselves innocently caught up in such evil,"" she said. The Queen also expressed her belief in the importance of faith at such times. ""In these circumstances so many of us, whatever our religion, need our faith more than ever to sustain and guide us. ""Every one of us needs to believe in the value of all that is good and honest."" Sweden's King Carl XVI Gustaf also referred to September 11 in his annual Christmas speech to the nation, describing how the attacks concerned everyone and had changed life itself. ""The need for community and friendship beyond borders is even greater following these tragedies,"" he said. Spain's King Juan Carlos said the outrages in America opened a new stage in world history. ""The terrible attacks of September 11 on the US, of a previously unknown magnitude, have shaken the conscience of humanity and shattered many of the ideas on which we base the way we live,"" he said. However, King Juan said the international community's reaction showed no tolerance for that kind of attack. ""The reaction of the international community has show in a clear way its willingness in the future to prevent those who think that violence and terror are valuable instruments for imposing their ideas and exercising their tyranny,"" he said.",False,1,"said, pakistan, palestinian, says"
50,Doc 51: Afghan security forces have arrested a wounded Arab,"Afghan security forces have arrested a wounded Arab Al Qaeda fighter, but seven others with weapons and explosives remain barricaded in a hospital in the southern city of Kandahar. A spokesman for provincial governor Gul Agha, Akbar Jan, says the man was arrested when he left his ward. ""One Arab, believed to be a Yemeni, was taken into custody when he came out of his ward for a bandage,"" Mr Jan said. He says the other seven are carrying weapons including pistols, grenades and explosives. ""We are trying to persuade them not to detonate their explosives and to surrender their weapons,"" Mr Jan said. ""We are concerned about the safety of other patients."" The Arabs, wounded in earlier US bombing of Kandahar airport, were admitted to Mirwais Hospital before the departure of the Taliban militia earlier this month. Before fleeing, the Taliban had handed over some weapons including grenades and explosives so the Arabs could protect themselves. They have been threatening to blow up their hospital room if any attempt is made to arrest them.",False,0,"man, flight, reid, says"
51,Doc 52: Russian authorities have sentenced Chechen warlord Salman Raduyev,"Russian authorities have sentenced Chechen warlord Salman Raduyev to life in prison for a 1996 hostage siege in which more than 200 people died. Salman Raduyev is probably the most important Chechen fighter Russian authorities have ever caught. A relative of the first Chechen president, he was at the forefront of the insurgency leading raids against federal troops. He was jealous of the achievements of his fellow commanders. He resolved to outperform his rival and in January 1996, masterminded a hostage taking in the neighbouring republic of Dagestan. Apparently, the aim was to destabilise Dagestan and spread the war to the rest of the Caucuses. He ran out of luck as Russian solders were not prepared to negotiate and cornered Raduyev on the Chechen border.",False,0,"man, flight, reid, says"
52,Doc 53: Skippers are expecting a spectacular start to the,"Skippers are expecting a spectacular start to the 57th Sydney to Hobart yacht race today, with the weather bureau forecasting spinnaker-friendly westerly winds. A total of 76 entrants are in this year's race, including eight round-the-world yachts, which are expected to give last year's line honours winner, Swedish maxi Nicorette, a run for its money. The round the world yachts are set for a flying beginning, with a 200-metre headstart designed to get them out of harm's way. The boats will have to round a buoy further north near Sydney heads, to equalise the distance. Ludde Ingvall, the skipper of Nicorette, says the split start could help the maxis next year. ""Split starts are good and maybe next year they will move all the big boats into the front line so that we can get away without hitting somebody,"" he said. Skipper Ingvall says his start tactics are easy. ""At the start it's easy - don't break and don't collide and don't go around and don't make yourself look silly,"" he said. The New South Wales Weather Bureau says there is a possibility of waves of up to five metres in Bass Strait for this year's Sydney to Hobart yacht race. Severe weather forecaster Ken Batt says if a low pressure system develops more off Tasmania, the worst case scenario could be strong winds and large seas. ""As the yachts hit the stronger winds in Bass Strait you'd be looking at say four to five metre significant wave heights,"" Mr Batt said.",False,2,"sydney, yacht, line, race"
53,Doc 54: A project working on ways to reduce the,"A project working on ways to reduce the debt of prisoners in Australian jails has run out of money. The Criminal Justice Coalition's Prison and Debt Project has been developing tools to educate prisoners and their families about their financial rights. Spokeswoman Anne Stringer says funding from a non-profit organisation has run out and she is now looking for government support to trial the education programs. Ms Stringer says if successful, the programs may stop prisoners from reoffending to repay accumulated debt. ""As soon as you get out of prison, Centrelink starts deducting the money you owe them from your benefit payment so your income is vastly reduced,"" she said. ""You may not have a place to live and your car's probably been repossessed. ""Your chances of getting employment and starting to pay back the debt is very very slim.""",False,2,"sydney, yacht, line, race"
54,Doc 55: Police are interviewing a 21-year-old man for stealing,Police are interviewing a 21-year-old man for stealing a car with a child inside from the Northside Shopping Centre in Alice Springs. Senior Sergeant Michael Potts says the 20-month-old boy was left on Elliot Street when the offender discovered the child shortly after taking the car. Members of the public found the boy sitting on a kerb and returned him to his parents. Police pursued the man in the stolen vehicle along the Stuart Highway and Tanami Road for about 160 kilometres before he ran out of petrol. Senior Sergeant Potts says the man was caught after a short chase through the bush and is currently being interviewed by police.,False,0,"man, flight, reid, says"
55,Doc 56: Melbourne's weather is one of the question marks,"Melbourne's weather is one of the question marks hanging over the second Test between Australia and South Africa, due to start at the MCG this morning. Melbourne's shaky early summer weather is not yet on the improve. This is Test cricket's traditional day of days and it is receiving Melbourne's traditional greeting - cool and cloudy with possible showers. The other questions are over each team's pace attack. South Africa will probably be forced to take a huge punt on veteran Alan Donald, while Australia is unlikely to punt on Brad Williams, returning Andy Bichel to Test cricket. Williams was called up to the 12 after Jason Gillespie was ruled out of the Test due to a right shoulder injury. Bichel says he is looking forward to the challenge of a call-up to the starting side. ""I feel that I'm ready to go for this game and I'm looking forward to it,"" Bichel said. ""The Boxing Day Test has been a good one for me. I've got great memories of it, so hopefully I can repeat those."" The day is likely to provide conditions any quick bowler would relish - bouncy with some seam, beckoning the captain who wins the toss to turn his attack loose.",False,3,"test, bichel, africa, south"
56,Doc 57: An American Airlines flight from Paris to Miami,"An American Airlines flight from Paris to Miami has been diverted to Boston Airport under escort by two United States fighter jets, after a passenger attempted to ignite explosives he was wearing in his shoes. Director of Boston's Logan International Airport Tom Kinton says quick action by flight attendants on the 767 jetliner averted a potentially serious incident. ""The flight attendants became alerted to a smell of sulphur which is a match, and immediately took action when they saw what this individual was attempting to do and literally tackled the individual,"" he said. The FBI has arrested a 28-year-old mantravelling on what is reported to be a fake British passport. The 185 passengers and 12 crew members have been taken off the plane.",False,0,"man, flight, reid, says"
57,Doc 58: Afghanistan's new interim government is to meet for,"Afghanistan's new interim government is to meet for the first time later today after an historic inauguration ceremony in the Afghan capital Kabul. Interim President Hamid Karzai and his 29 fellow cabinet members are looking to start rebuilding Afghanistan's war-ravaged economy. Mr Karzai says he expects the reconstruction to cost many billions of dollars after 23 years of war. ""Afghanistan must go from an economy of war to an economy of peace,"" Mr Karzai said. ""Those people who've earned a living by taking the gun must be enabled with programs, with plans, with projects to put the gun aside and go to the various other forms of economic activity that can bring them a livelihood,"" he said.",False,1,"said, pakistan, palestinian, says"
58,Doc 59: Pakistan President Pervez Musharraf believes there is a,"Pakistan President Pervez Musharraf believes there is a strong possibility Osama bin Laden could have been killed in the United States bombardment of the Tora Bora caves in eastern Afghanistan. ""Maybe he is dead because of all the operations that have been conducted, the bombardment of all the caves that have been conducted, there's a great possibility that he may have lost his life there,"" General Musharraf said on Chinese state television. During the visit to Pakistan's close ally China, General Musharraf said Pakistan had stepped up security along its porous border with Afghanistan in a bid to capture the suspected terrorist mastermind. ""We have huge borders between Afghanistan and Pakistan,"" he said. ""The Tora Bora region in which he was supposed to be operating has ... about eight passes leading into Pakistan over mountains at a height of about 13 to 14,000 feet ... We are guarding each one of these passes. ""If he does enter, if we identify him, he will be handed over"". US and Afghan forces have been searching for signs of bin Laden, the number one suspect in the September 11 attacks on New York and Washington, around Tora Bora since forces from his Al Qaeda network fled last weekend. US warplanes and Afghan forces had launched extensive attacks on the network of caves where Al Qaeda members had been hiding out. An Afghan commander in charge in the Tora Bora caves region said Saturday that bin Laden had probably gone to Pakistan. The Pentagon said on Monday that it had no idea where bin Laden was now although it believed he had been in the Tora Bora region until a few days before.",True,1,"said, pakistan, palestinian, says"
59,Doc 60: Australian cricket selectors have made just one change,"Australian cricket selectors have made just one change to the squad that beat South Africa in the opening Test for the second Test beginning in Melbourne on Boxing Day. As predicted, Queensland pace bowler Andy Bichel replaces spin bowler Stuart MacGill, who was 12th man for the Adelaide Test. MacGill took five wickets for New South Wales on day one of the tour match against South Africa at the SCG Thursday, but it was not enough to sway selectors. The full squad is: Steve Waugh(c), Adam Gilchrist(vc), Matthew Hayden, Justin Langer, Ricky Ponting, Mark Waugh, Damien Martyn, Shane Warne, Brett Lee, Jason Gillespie, Glenn McGrath and Andy Bichel.",False,3,"test, bichel, africa, south"
60,Doc 61: Israel has rejected Palestinian leader Yasser Arafat's bid,"Israel has rejected Palestinian leader Yasser Arafat's bid to make his annual visit to Bethlehem for Christmas Eve during an security cabinet meeting early today. ""The security cabinet made its decision based on the fact that Arafat is not working to dismantle terror organizations and to foil terror attacks against Israel and to arrest and punish terrorists, including the murderers of tourism minister Rhavam Zeevi,"" a statement from Prime Minister Ariel Sharon's office said. Earlier, Mr Arafat declared he would walk to Bethlehem for Christmas Eve Mass if he has to if Israeli authorities refused him access to the biblical town. Mr Arafat's statement comes as Palestinians in Gaza buried six teenagers killed in the worst internal Palestinian violence in seven years. The funerals in Gaza were peaceful, with Palestinian police staying away and mourners agreeing no weapons were to be carried. This has been a difficult week for Yasser Arafat: he put his reputation on the line by ordering the arrest of some key Palestinian militants in the most important radical group Hamas, then declared an end to its campaign of suicide bombings and other attacks against Israel. Another smaller, but important radical group, Islamic Jihad, might follow Hamas's lead. But the key to all this is Israel's reaction. If it eases its blockade of towns in the West Bank, then Yasser Arafat will have something to show for his efforts.",True,1,"said, pakistan, palestinian, says"
61,Doc 62: A Victorian couple is seeking approval to have,"A Victorian couple is seeking approval to have a baby that has been genetically matched to their first child in a bid to save the toddler from a rare blood disease. The in-vitro fertalisation (IVF) technique involves testing a three day old embryo for inherited genetic disease and ensuring it is a perfect match. The young child has a disease called franconi-anaemia and without a bone marrow donation from a sibling is likely to die before the age of 15. The toddler's parents have requested permission to create another child, but the procedure extends beyond the boundaries of normal IVF technology where embryos are screened for inherited genetic diseases. Approval must be given for blood stem cells from the placenta to be transplanted to the critically ill child. Professor Alan Trounson deputy director of the Monash Institute of Reproduction and Development says the institute is ready to carry out the procedure. ""There is nothing in the law that would prevent that decision being made by the infertility treatment authority,"" Professor Trounson said.Professor Trounson does not expect any opposition to the technology. ""Who wouldn't think about how you could save a sick child's life. ""I would have thought at Christmas time that's exactly what you would want to do, and that's exactly how you would be supportive of a family making that kind of decision."" The technology has already been used to save a child in the United States.",False,1,"said, pakistan, palestinian, says"
62,Doc 63: Japanese officials say their Coast Guard has sunk,"Japanese officials say their Coast Guard has sunk an unidentified boat after an exchange of fire in the East China Sea. The BBC reports the unidentified boat, which resembled a fishing trawler, was spotted cruising off south-western Japan by a naval reconnaissance plane. More than 20 Japanese coastguard vessels were mobilised to give chase. Japanese officials said warning shots were fired on several occasions, but the boat ignored orders to stop and continued heading west towards China. The officials said crew members appeared on deck brandishing metal pipes and several hours after the chase began there was an exchange of gunfire in which two Japanese sailors were injured. The patrol boats then sank the vessel and its 15 man crew was thrown into the sea. Some reports said it resembled a North Korean spy boat, but there was also speculation it could have held Chinese smugglers. Meanwhile, the Coast Guard is continuing efforts to recover crew members. Six of the 15 on board have so far been recovered from the ocean, although rough weather is said to be hampering rescue efforts.",False,2,"sydney, yacht, line, race"
63,Doc 64: Tight security is causing headaches for American travellers,Tight security is causing headaches for American travellers this Christmas. The September 11 attacks and a weaker US economy have caused a huge drop in the number of people flying in America. But at the start of the holiday season many are venturing back into the skies for the first time and have not been prepared for the increased security. Queues have stretched for up to half a kilometre as suitcases have been opened and Christmas presents unwrapped. Even drivers dropping off passengers have had their cars searched as they approach airport terminals. But airlines are making no apologies and say the tight security controls will remain.,False,1,"said, pakistan, palestinian, says"
64,Doc 65: A high profile church leader says the Governor-General,"A high profile church leader says the Governor-General must clarify his statement defending his handling of alleged child sexual abuse at a Queensland Anglican school. Prime Minister John Howard is defending Dr Peter Hollingworth against criticism about the way he dealt with the claims of abuse at a Toowoomba Anglican school when he was the Anglican Archbishop of Brisbane. Child protection groups still want the Governor-General to resign. The Reverend Tim Costello, who is the president of the Baptist Union of Australia, says further explanation is needed. ""I don't think he should step down at this point but I do think that having begun the process with an explanation and a clarification which still leaves some things unclear, there is probably further work on just clarifying and understanding the import of what happened,"" he said. Meanwhile, Federal Opposition leader Simon Crean has described Dr Hollingworth's explanation as insufficient. Mr Crean says there are inconsistancies regarding where Dr Hollingworth received legal advice and this must be cleared up. ""We heard the Prime Minister today saying that the Governor-General never said he got the legal advice from the Chief Justice, but that begs the question as to who he got the legal advice from,"" he said. ""I think it's terribly important that we understand where the legal advice came from and who gave it.""",False,1,"said, pakistan, palestinian, says"
65,"Doc 66: The Chief of the Army, Lieutenant-General Peter Cosgrove,","The Chief of the Army, Lieutenant-General Peter Cosgrove, has confirmed an Australian man linked to Osama bin Laden served with the Australia Army in East Timor. But he denies reports the man was a member of the the 3rd Battalion, Royal Australian Regiment. Lieutenant-General Cosgrove says the man was discharged from the Army, but he says he will not comment on the circumstances of the discharge out of respect for the man's family. He says the Australian Defence Force can take take no responsibility for its soldiers once they have left the service. ""When you leave your job now will your previous company make any assessment about your skills and what you might carry to another area?"" he said. ""It's unreasonable beyond saying that they are the laws of the land and I guess people will assess more when any laws of this land have been breached by any individuals' actions.""",False,0,"man, flight, reid, says"
66,Doc 67: Argentina's Government has crumbled after at least 20,"Argentina's Government has crumbled after at least 20 people were killed and hundreds injured in nationwide riots. Argentina's President Fernando de la Rua has resigned and called for a national unity government with the opposition Peronists. The President's resignation followed 48 hours of rioting across the country. People took to the streets protesting against the Government's economic austerity program. Argentina is now on the brink of defaulting on its next debt repayment, which could be the largest default ever. The opposition parties are reported to have rejected the call for a national unity government. In Washington, the International Monetary Fund said it would work with the new cabinet. Government policy has previously ruled out any devaluation of the peso, fearing a run on the currency and an even greater debt crisis. The Government has also declared a 30-day state of siege in an effort to restore order.",False,1,"said, pakistan, palestinian, says"
67,Doc 68: A pay freeze dispute involving Qantas and its,"A pay freeze dispute involving Qantas and its maintenance workers will remain unresolved over the Christmas period. The parties failed to reach agreement during talks in the Industrial Relations Commission in Melbourne this morning. More than 2,000 employees have imposed work bans and stoppages in their campaign for a 3 per cent pay rise. Both the union and Qantas say there will not be flight disruptions.",False,0,"man, flight, reid, says"
68,"Doc 69: After months of delays, the company behind plans","After months of delays, the company behind plans for a multi-billion dollar Timor Sea gas development has reached an agreement with East Timor, to allow the project to go ahead. Six months ago, Phillips Petroleum indefinitely delayed its plan to build a $1.5 billion pipeline to bring gas from the Bayu-Undan gasfield to Darwin. The company blamed the delay on its concerns with East Timor's tax regime. But today Phillips has announced it has reached a deal with East Timor's new Government which will allow the gas project to go ahead. In a statement the company says it welcomes the tax and fiscal package offered by East Timor's Council of Ministers, and says it is an historic day. But a Phillips spokesman says the deal must first be ratified by Australia, which will share the revenue from the gas project with East Timor.",False,4,"south, new, australia, wales"
69,Doc 70: An Iraqi defector who has applied for residency,"An Iraqi defector who has applied for residency in Australia claims he has information about top secret chemical and biological weapons plants in Iraq. The man who calls himself Abu Mohammad told ABC Radio he worked for almost a decade as a chemical engineer on Saddam Hussein's military plants, before escaping to the west. He says he can provide documents on the manufacture of weapons and pinpoint the exact locations of secret sites. ""New factories are built in place of old factories that [were] bombed and in another place and there's substituted places to any factory,"" he said. The former chief weapons inspector for the United Nations in Iraq, Richard Butler, told ABC Radio he believes the claims could be true. ""I've read a lot of such reports from defectors, from people who've left Iraq, I can't tell you how many,"" he said. ""You get a feel about them and as I read what he said, I thought my goodness this has a real ring of authenticity about it. ""Just the detail, the names of places, the sorts of stuff he was discussing, I thought this is true,"" Mr Butler said.",False,1,"said, pakistan, palestinian, says"
70,Doc 71: The Queensland Premier says he accepts full responsibility,"The Queensland Premier says he accepts full responsibility for a mentally ill killer being able to flee overseas. Claude John Gabriel stabbed to death a Gold Coast teenager in 1998 and was receiving treatment for a mental illness. However, he absconded from a Queensland mental health facility earlier this year and went to live in Melbourne. He is now thought to be in Rome. Premier Peter Beattie says the Queensland Government is seeking legal advice about whether it can force Gabriel to return. ""Why he had a passport is beyond me I have to tell you and I'm pretty cranky about that, that he had a passport and left the country,"" he said. ""I'm very unhappy about how this whole matter has been handled and I've made that very clear.""",False,2,"sydney, yacht, line, race"
71,"Doc 72: In the United States, Australian actress Nicole Kidman","In the United States, Australian actress Nicole Kidman has been nominated for two Golden Globe best actor awards for her roles in the Australian-made musical ""Moulin Rouge"", and in her new thriller ""The Others"". ""Moulin Rouge"" also is one of two pictures leading the Golden Globe nominations, with six possible awards. It is vying for best musical or comedy picture of 2002, best actress in a comedy or musical, best actor in the same category for Ewen McGregor, best director for Baz Luhrmann, best original score and best original song. The other film to pick up six nominations is the Ron Howard directed ""A Beautiful Mind"" starring Oscar winner Russell Crowe. Crowe was nominated as best actor in a drama for his portrayal of a troubled math genius in the film.",False,0,"man, flight, reid, says"
72,Doc 73: Australian cricket selectors have made just one change,"Australian cricket selectors have made just one change to the squad that beat South Africa in the opening Test for the second Test beginning in Melbourne on Boxing Day. As predicted, Queensland pace bowler Andy Bichel replaces spin bowler Stuart MacGill, who was 12th man for the Adelaide Test. MacGill took five wickets for New South Wales on day one of the tour match against South Africa at the SCG yesterday, but it was not enough to sway selectors.",False,3,"test, bichel, africa, south"
73,Doc 74: The Prime Minister has thrown his full support,"The Prime Minister has thrown his full support behind the Governor-General, Dr Peter Hollingworth. Child rights campaigners have accused Dr Hollingworth of trying to cover-up child abuse allegations at a Toowoomba Anglican school when he was Archbishop of Brisbane. In a statement released earlier this week, the Governor-General said the allegations were unfounded, but there are continuing calls for Dr Hollingworth to resign. But Mr Howard says he has confidence in the Governor-General. ""I don't have any direct knowledge of this [matter but] I've talked to him about it and I've tried to form a judgment,"" Mr Howard said. ""The criticism made is that he's involved in a cover-up, well there's no evidence of that, that's ridiculous.""",False,0,"man, flight, reid, says"
74,Doc 75: The United Nations Security Council has authorised a,"The United Nations Security Council has authorised a multinational force to help keep the peace in the Afghan capital of Kabul, with Britain leading the troops and the United States prepared to rescue them in an emergency. The 15-member council voted unanimously just two days before a vanguard of some 250 British soldiers who will be deployed tomorrow. Afghanistan's new interim government, with Hamid Karzai as Prime Minister, is to be sworn in on the same day. The initial mandate for the new force, called the International Security Assistance Force (ISAF), is for six months, subject to renewal and is under Chapter VII of the UN Charter, which allows the use of force. The contingents are to help guard government buildings to ensure the new Afghan interim government has a chance to end 22 years of warfare. But the resolution does not give any troop numbers, which Britain estimates could eventually reach 5,000 with NATO members France, Turkey, Italy, Canada, Spain and possibly Germany among the early arrivals. The US military will be in overall charge in case of a conflict and would help rescue the new troops in an emergency. The new force was established in principle for Kabul and its environs as part of a UN-brokered landmark accord, signed on December 5 in Bonn, Germany, among anti-Taliban Afghan groups. The agreement set up an interim government, to be followed by a transitional government and elections called for in two years. Foreign Minister Alexander Downer says despite an offer of troops, it seems likely Australian forces will not be needed for peacekeeping duties in Afghanistan.",False,1,"said, pakistan, palestinian, says"
75,Doc 76: US President George W Bush has marked the,"US President George W Bush has marked the 100th day of the campaign against terrorism by calling on his allies to freeze the assets of two non-US organisations suspected of supporting terrorism. One of the groups is based in Kashmir, the other is alleged to have helped Al Qaeda develop nuclear weapons. President Bush says a former scientist at Pakistan's atomic program had established a group called UTN, after assisting Osama bin Laden's network develop a nuclear bomb. ""UTN claims to serve the hungry and needy of Afghanistan, but it was the UTN that provided information about nuclear weapons to Al Qaeda,"" he said. He also linked a Kashmiri group to the attack on the Indian Parliament last week. ""LAT is an extremist group based in Kashmir and is a stateless sponsor of terrorism,"" he said. Mr Bush says the international financial crackdown has frozen $130 million in terrorist assets.",True,1,"said, pakistan, palestinian, says"
76,Doc 77: The death toll in Argentina's food riots has,"The death toll in Argentina's food riots has risen to 20. Local media reports say four more people died this morning in clashes between police and protesters near the presidential palace in the capital, Buenos Aires. President Fernando de la Rua has called on the opposition to take part in a government of national unity and apparently will resign if it does not. Looting and rioting has generally given way to more peaceful demonstrations against the faltering government blamed for a 43-month recession. Heavily armed police using powers under a 30-day state of siege decree are attempting to prevent large public gatherings, but union leaders say workers and the unemployed will not stop until the government is removed and living standards restored. With Argentina's discredited economy minister now gone, the Government hopes to approve a new budget acceptable to the International Monetary Fund (IMF) to avoid default on the $150 billion foreign debt. The presidents of neighbouring Brazil and Chile say they fear the social unrest could infect their own nations unless Argentina and its leaders can resolve the crisis quickly.",False,4,"south, new, australia, wales"
77,Doc 78: The Woomera Detention Centre in outback South Australia,"The Woomera Detention Centre in outback South Australia has experienced its first quiet night this week since Sunday. It seems the Government's decision to put a freeze on the processing of visa applications is working. From outside the centre, it appeared there were no major incidents at the facility all day yesterday and no unrest overnight. At about 1:00am (ACDT) this morning a minibus load of security officers left the centre and extra police resources brought into the town in recent days were stood down. The Immigration Department claims the damage bill from the arson attacks and vandalism at the centre over the past month has reached $2 million. A spokeswoman has rejected claims that 950 detainees at the Woomera centre are to be relocated to Port Augusta's El Alamein centre next month saying there is room for another 1,000 people at Woomera.",False,4,"south, new, australia, wales"
78,Doc 79: The private business sector has to comply with,"The private business sector has to comply with national privacy laws from today which force them to implement new codes for the handling of personal information. The Government and the credit sectors are already obliged to protect private data, but this is the first time the same rules have been applied to the private sector. The new laws are about consent, knowledge about data use, accuracy and security. In health, data must only be used for the purpose it is taken, for example treatment. The Federal Privacy Commissioner, Malcolm Crompton, says hospitals and doctors collecting health information now have to ask for consent. ""They're not in a position any more of being able to give that information out in an identifiable form to research organisations or to pharmaceutical companies and probably most important of all, we now have a right of access to that information, we can now go in and ask for our medical record and we have the right to see it,"" he said. The laws also apply to companies running competitions who collect names and details, as they will have to state whether the data is intended for marketing. Mr Crompton says a large culture change is happening, but it is backed by his enforcement powers. ""Often we're able to broker a solution without having to use the powers very strongly, but I think both consumers and organisations should rest assured that we will use the powers under the act if we need to do so. ""But there's very clear evidence that in the vast majority of circumstances we wont have to,"" he said.",False,1,"said, pakistan, palestinian, says"
79,"Doc 80: Dozens of people were injured, some seriously, and","Dozens of people were injured, some seriously, and others were trapped after a roof collapsed at a South African shopping centre, burying some children on a skating rink, witnesses and police said. Initial reports spoke of up to 50 people trapped at the Kolonnade shopping centre, in the north of the capital, but Pretoria emergency spokesman Johan Pieterse later said police had rescued four people from the rubble and could not immediately locate any more. ""Police and police dogs are still inside but can't find anyone else just now,"" he added. By 6:00pm local time (3:00am AEDT), two hours after the collapse, 21 injured people, mostly adults, had been taken to hospitals around the city by ambulance or helicopter, Mr Pieterse said. ""Most of those injured were those standing at the glass wall watching people ice skate,"" he added. Some of the injured included children skating on the ice rink, who were partially buried in rubble when the roof gave way, witnesses said. Some 100 square metres of roofing were believed to have collapsed. A new floor had recently been added to the shopping mall, above the rink, and ""the roof had leaked, but according to us everything was fine,"" ice rink manager Brian Bellis told the AFP news agency. There was ""a lot of dust and smoke and then people were just running and screaming, running away from where it happened,"" the South African Broadcasting Corporation radio quoted one witness as saying. Several people, including young children, were brought out on stretchers while others were helicoptered to hospital. About 100 police and soldiers cordoned off the area. One bystander, Marius duPlessis, said he was searching for his 20-year-old son who had been working at the centre. ""His car is there, but he is nowhere to be found. He is not on the casualty list, so I'm just praying that he's not inside,"" he said.",False,1,"said, pakistan, palestinian, says"
